{"sections":{"cart-items":{"type":"main-cart-items","settings":{"padding_top":36,"padding_bottom":36}},"cart-footer":{"type":"main-cart-footer","blocks":{"subtotal":{"type":"subtotal","settings":{}},"buttons":{"type":"buttons","settings":{}}},"block_order":["subtotal","buttons"],"settings":{}},"zmz-featured-collection":{"type":"zmz-featured-collection","blocks":{"4a5fe95e-ab4b-46df-92ef-fc023d26cf2e":{"type":"collection_tab","settings":{"block_collection_title":"","block_title":"","collection":"clothes","card_design":"design-1","card_text_alignment":"center","image_ratio":"adapt","image_padding":0,"bg_wrap_img_color":"","bg_border_img_color":"#ffffff","show_secondary_image":false,"badge_card_toggle":true,"show_vendor":false,"show_rating":true,"enable_quick_add":false,"enable_quick_view":false,"show_compare":false,"show_wishlist":true,"show_color_link":false,"show_countdown":true}}},"block_order":["4a5fe95e-ab4b-46df-92ef-fc023d26cf2e"],"settings":{"box_type":"box","section_width":1200,"section_fluid_width":1880,"title":"Best Sellers","section_heading_scale":100,"subtitle":"","section_subtitle_scale":100,"description":"<p>Top sale in this week<\/p>","customInfo":"","section_description_scale":100,"description_style":"body","heading_alignment":"center","inverted":false,"products_to_show":12,"columns_desktop":5,"spacing_grid_horizontal":10,"full_width":true,"show_view_all":true,"view_all_btn_text":"View all","view_all_style":"solid","use_tabs":false,"enable_desktop_slider":true,"carousel_control_type":"navigation","design_type":"type_1","color_scheme":"background-1","customColor":false,"bg_color":"","container_color_scheme":"background-1","section_custom_color":false,"bg_section_color":"","bg_color_opacity":0.1,"columns_mobile":"2","swipe_on_mobile":false,"desktop_section_padding":"3rem 3rem 3rem 3rem","desktopContainerPadding":"2rem 2rem 2rem 2rem","mobile_section_padding":"1rem 1rem 1rem 1rem","mobileContainerPadding":"1rem 1rem 1rem 1rem"}}},"order":["cart-items","cart-footer","zmz-featured-collection"]}