{"sections":{"834bc9cd-e4ea-4c36-a314-8e65252e0ed8":{"type":"slideshow","blocks":{"template--16148061683901__834bc9cd-e4ea-4c36-a314-8e65252e0ed8-1684917012ddf8731f-0":{"type":"slide","settings":{"image":"shopify:\/\/shop_images\/img_10.png","subtitle":"<strong>NEW ARRIVALS<\/strong>","subtitle_color":"#ffffff","section_subtitle_scale":130,"title":"<strong>Find parts that fit your vehicle<\/strong>","caption_size":"h1","title_color":"#ffffff","section_heading_scale":135,"text":"<p>Toptul, GoodYear, Staneley, Venus, JCB, Ajaj, Taparia, Eastman and much more!<\/p>","text_color":"#ffffff","section_description_scale":129,"button_label":"See All Collections","link":"shopify:\/\/collections\/air-filters-intake","banner_link":false,"btn_bg_color":"rgba(0,0,0,0)","btn_border_color":"rgba(0,0,0,0)","btn_text_color":"#ffffff","btn_bg_color_hover":"#222222","btn_border_color_hover":"#222222","btn_text_color_hover":"#f4f4f4","zmz_btn_size":"zmz-btn-md","box_align":"middle-center","show_text_box":false,"text_box_opacity":0,"text_alignment":"center","image_overlay_opacity":0,"color_scheme":"background-1","text_alignment_mobile":"left","margin_title":2,"margin_subtitle":0,"margin_text":0,"margin_btn":3}},"template--16148061683901__834bc9cd-e4ea-4c36-a314-8e65252e0ed8-1684917012ddf8731f-1":{"type":"slide","settings":{"image":"shopify:\/\/shop_images\/img_09.png","subtitle":"<strong>NEW ARRIVALS<\/strong>","subtitle_color":"#35373f","section_subtitle_scale":130,"title":"<strong>Refresh your car<\/strong>","caption_size":"h1","title_color":"#35373f","section_heading_scale":135,"text":"<p>Save 30% on spare parts!<\/p>","text_color":"#35373f","section_description_scale":129,"button_label":"See All Collections","link":"shopify:\/\/collections\/frontpage","banner_link":false,"btn_bg_color":"rgba(0,0,0,0)","btn_border_color":"#222222","btn_text_color":"#3b5384","btn_bg_color_hover":"#222222","btn_border_color_hover":"#222222","btn_text_color_hover":"#ffffff","zmz_btn_size":"zmz-btn-md","box_align":"middle-left","show_text_box":false,"text_box_opacity":0,"text_alignment":"left","image_overlay_opacity":0,"color_scheme":"background-1","text_alignment_mobile":"left","margin_title":2,"margin_subtitle":0,"margin_text":0,"margin_btn":3}},"772f7ae3-993a-4951-a16c-c014e9ea55da":{"type":"slide","settings":{"image":"shopify:\/\/shop_images\/img_11.png","subtitle":"<strong>NEW ARRIVALS<\/strong>","subtitle_color":"#35373f","section_subtitle_scale":130,"title":"<strong>Auto parts at reasonable prices<\/strong>","caption_size":"h1","title_color":"#35373f","section_heading_scale":106,"text":"<p>With constant discounts<\/p>","text_color":"#35373f","section_description_scale":129,"button_label":"See All Collections","link":"shopify:\/\/collections\/frontpage","banner_link":false,"btn_bg_color":"rgba(0,0,0,0)","btn_border_color":"#222222","btn_text_color":"#3b5384","btn_bg_color_hover":"#222222","btn_border_color_hover":"#222222","btn_text_color_hover":"#ffffff","zmz_btn_size":"zmz-btn-md","box_align":"middle-left","show_text_box":false,"text_box_opacity":0,"text_alignment":"left","image_overlay_opacity":0,"color_scheme":"background-1","text_alignment_mobile":"left","margin_title":2,"margin_subtitle":0,"margin_text":0,"margin_btn":3}}},"block_order":["template--16148061683901__834bc9cd-e4ea-4c36-a314-8e65252e0ed8-1684917012ddf8731f-0","template--16148061683901__834bc9cd-e4ea-4c36-a314-8e65252e0ed8-1684917012ddf8731f-1","772f7ae3-993a-4951-a16c-c014e9ea55da"],"settings":{"layout":"full_bleed","slide_height":"large","slider_visual":"dots","auto_rotate":false,"change_slides_speed":5,"show_text_below":false,"accessibility_info":""}},"03916975-9491-4a4d-8a5d-b3c067665b9a":{"type":"index-divider","settings":{"section_view":"container","type_value":"px","padding_top":72,"padding_bottom":0,"padding_top_vw":0,"padding_bottom_vw":0,"margin_top":0,"margin_bottom":0,"background_color":"","tablet_padding_top":20,"tablet_padding_bottom":20,"tablet_margin_top":0,"tablet_margin_bottom":0}},"15bdc44c-c01a-4669-953e-d790f21ca68c":{"type":"zmz-collection-list","blocks":{"3f4cbbd5-0a11-4396-8947-5f7245b9820d":{"type":"featured_collection","settings":{"collection":"auto-body-parts"}},"template--16148061683901__15bdc44c-c01a-4669-953e-d790f21ca68c-168491944368ad95a4-0":{"type":"featured_collection","settings":{"collection":"transmission"}},"template--16148061683901__15bdc44c-c01a-4669-953e-d790f21ca68c-168491944368ad95a4-1":{"type":"featured_collection","settings":{"collection":"headlights-lighting"}},"8e69e408-b4cc-46cc-9e6c-99cfecde0e1d":{"type":"featured_collection","settings":{"collection":"exhaust-systems"}},"template--16148061683901__15bdc44c-c01a-4669-953e-d790f21ca68c-168491944368ad95a4-2":{"type":"featured_collection","settings":{"collection":"grille-guards"}},"1901b071-8ac2-4293-94b1-ed8427ab1f86":{"type":"featured_collection","settings":{"collection":"air-filters-intake"}}},"block_order":["3f4cbbd5-0a11-4396-8947-5f7245b9820d","template--16148061683901__15bdc44c-c01a-4669-953e-d790f21ca68c-168491944368ad95a4-0","template--16148061683901__15bdc44c-c01a-4669-953e-d790f21ca68c-168491944368ad95a4-1","8e69e408-b4cc-46cc-9e6c-99cfecde0e1d","template--16148061683901__15bdc44c-c01a-4669-953e-d790f21ca68c-168491944368ad95a4-2","1901b071-8ac2-4293-94b1-ed8427ab1f86"],"settings":{"page_width":1200,"use_section_width":true,"title":"","heading_size":"h1","image_ratio":"adapt","columns_desktop":3,"enable_desktop_slider":false,"spacing_grid_horizontal":30,"nav_style_type":"type_1","off_carousel_counter":false,"color_scheme":"background-1","contentHorizontal":"center","banner_style":"standard","v_cpos":"center","useButton":false,"btn_bg_color":"#222222","btn_border_color":"#222222","btn_text_color":"#ffffff","btn_bg_color_hover":"#222222","btn_border_color_hover":"#222222","btn_text_color_hover":"#ffffff","buttom_full_width":false,"show_view_all":false,"collection_card_style":"card","collection_card_image_padding":20,"collection_card_color_scheme":"background-1","collection_card_border_thickness":1,"collection_card_border_opacity":100,"collection_card_corner_radius":0,"border_color":"#e6e9f2","collection_card_shadow_opacity":10,"collection_card_shadow_horizontal_offset":0,"collection_card_shadow_vertical_offset":0,"collection_card_shadow_blur":0,"columns_mobile":"1","swipe_on_mobile":false,"padding_top":0,"padding_bottom":0}},"01878eef-93c8-4ace-b00f-eef304bee6ab":{"type":"index-divider","settings":{"section_view":"container","type_value":"px","padding_top":64,"padding_bottom":0,"padding_top_vw":0,"padding_bottom_vw":0,"margin_top":0,"margin_bottom":0,"background_color":"","tablet_padding_top":20,"tablet_padding_bottom":20,"tablet_margin_top":0,"tablet_margin_bottom":0}},"263eebf9-f486-4256-a38e-36cb35f24883":{"type":"zmz-featured-collection","blocks":{"eb4b4d06-7d76-4af4-b63d-1a0b437471d7":{"type":"collection_tab","settings":{"block_collection_title":"","block_title":"","collection":"headlights-lighting","card_design":"design-2","card_text_alignment":"center","image_ratio":"square","image_padding":0,"bg_wrap_img_color":"#f5f6fa","bg_border_img_color":"#e6e9f2","show_secondary_image":false,"badge_card_toggle":true,"show_vendor":false,"show_rating":true,"enable_quick_add":false,"enable_quick_view":true,"show_compare":true,"show_wishlist":true,"show_color_link":false,"show_countdown":false}},"1b954a0f-bc63-4ee8-8713-7e1521f65a59":{"type":"collection_tab","settings":{"block_collection_title":"","block_title":"","collection":"auto-body-parts","card_design":"design-2","card_text_alignment":"center","image_ratio":"square","image_padding":0,"bg_wrap_img_color":"#f5f6fa","bg_border_img_color":"#e6e9f2","show_secondary_image":false,"badge_card_toggle":true,"show_vendor":false,"show_rating":true,"enable_quick_add":false,"enable_quick_view":true,"show_compare":true,"show_wishlist":true,"show_color_link":false,"show_countdown":false}},"e9654b1f-a8e7-4448-b1be-0d679a050e87":{"type":"collection_tab","settings":{"block_collection_title":"","block_title":"","collection":"exhaust-systems","card_design":"design-2","card_text_alignment":"center","image_ratio":"square","image_padding":0,"bg_wrap_img_color":"#f5f6fa","bg_border_img_color":"#e6e9f2","show_secondary_image":false,"badge_card_toggle":true,"show_vendor":false,"show_rating":true,"enable_quick_add":false,"enable_quick_view":true,"show_compare":true,"show_wishlist":true,"show_color_link":false,"show_countdown":false}}},"block_order":["eb4b4d06-7d76-4af4-b63d-1a0b437471d7","1b954a0f-bc63-4ee8-8713-7e1521f65a59","e9654b1f-a8e7-4448-b1be-0d679a050e87"],"settings":{"box_type":"box","section_width":1280,"section_fluid_width":1880,"title":"Top category products","section_heading_scale":114,"subtitle":"","section_subtitle_scale":100,"description":"","customInfo":"","section_description_scale":100,"description_style":"body","heading_alignment":"center","inverted":false,"products_to_show":14,"columns_desktop":4,"spacing_grid_horizontal":20,"full_width":true,"show_view_all":false,"view_all_btn_text":"View all","view_all_style":"solid","use_tabs":true,"enable_desktop_slider":true,"carousel_control_type":"navigation","design_type":"type_1","color_scheme":"background-1","customColor":false,"bg_color":"","container_color_scheme":"background-1","section_custom_color":false,"bg_section_color":"","bg_color_opacity":0.1,"columns_mobile":"1","swipe_on_mobile":true,"desktop_section_padding":"0rem 0rem 0rem 0rem","desktopContainerPadding":"0rem 50px 2rem 50px","mobile_section_padding":"0rem 0rem 0rem 0rem","mobileContainerPadding":"1rem 1rem 1rem 1rem"}},"f7847458-e120-4957-864b-4461a81408f2":{"type":"index-divider","settings":{"section_view":"container","type_value":"px","padding_top":17,"padding_bottom":0,"padding_top_vw":0,"padding_bottom_vw":0,"margin_top":0,"margin_bottom":0,"background_color":"","tablet_padding_top":20,"tablet_padding_bottom":20,"tablet_margin_top":0,"tablet_margin_bottom":0}},"b933accd-5dc2-47a6-be3e-35e3da1e0cf7":{"type":"zmz-banners","blocks":{"template--16148061683901__b933accd-5dc2-47a6-be3e-35e3da1e0cf7-16849978829c058905-0":{"type":"banner","settings":{"image":"shopify:\/\/shop_images\/img_08.png","image_width":"full","image_ratio":"adapt","image_overlay_opacity":0,"banner_style":"overlay","contentHorizontal":"contentLeft","reverse_cpos":"column","columns_desktop":"1","link_type_banner":false,"caption_max_width":false,"text_alignment":"center","v_cpos":"center","background_style":"none","bg_custom_color":"","bg_color_opacity":1,"subtitle":"<strong>CUSTOM WHEELS<\/strong>","subtitle_color":"#232122","section_subtitle_scale":130,"title":"<strong>Hurry up! Discounts up to 70%<\/strong>","caption_size":"h2","title_color":"#232122","section_heading_scale":100,"text":"","text_color":"#232122","section_description_scale":100,"code":"<a class=\"link\" style=\"text-decoration: underline;\" href=\"\/collections\/all\">Go to collection<\/a>","card_padding":"0rem 0rem 0rem 0rem","caption_padding":"0rem 15rem 0rem 6rem","margin_title":2,"margin_subtitle":0,"margin_text":0,"margin_btn":2,"link_label":"","link":"shopify:\/\/collections\/exhaust-systems","useButton":false,"btn_bg_color":"#3b5384","btn_border_color":"#222222","btn_text_color":"#232122","btn_bg_color_hover":"#222222","btn_border_color_hover":"#222222","btn_text_color_hover":"#3b5384","zmz_btn_size":"zmz-btn-md","custom_class":"","text_alignment_mobile":"center","mobile_image_ratio":"adapt","off_overlay_mobile":true,"caption_mobile_padding":"1rem 1rem 1rem 1rem","mob_margin_title":2,"mob_margin_subtitle":0,"mob_margin_text":0,"mob_margin_btn":2}}},"block_order":["template--16148061683901__b933accd-5dc2-47a6-be3e-35e3da1e0cf7-16849978829c058905-0"],"settings":{"box_type":"box","section_width":1200,"section_fluid_width":1880,"title":"","section_heading_scale":100,"subtitle":"","section_subtitle_scale":100,"description":"","section_description_scale":100,"heading_alignment":"center","spacing_grid_horizontal":15,"inverted":false,"button_label":"","button_link":"","color_scheme":"background-1","customColor":false,"bg_color":"","container_color_scheme":"background-1","section_custom_color":false,"bg_section_color":"","bg_color_opacity":1,"desktop_section_padding":"0rem 0rem 0rem 0rem","desktopContainerPadding":"0rem 0rem 0rem 0rem","columns_mobile":"1","swipe_on_mobile":false,"mobile_section_padding":"0rem 0rem 0rem 0rem","mobileContainerPadding":"0rem 0rem 0rem 0rem"}},"ec5c57ca-c07e-4c1a-8a9f-52b534757060":{"type":"index-divider","settings":{"section_view":"container","type_value":"px","padding_top":0,"padding_bottom":0,"padding_top_vw":0,"padding_bottom_vw":0,"margin_top":0,"margin_bottom":0,"background_color":"","tablet_padding_top":0,"tablet_padding_bottom":0,"tablet_margin_top":0,"tablet_margin_bottom":0}},"c27d82b9-71be-4555-a328-78656de3a093":{"type":"zmz-banners","blocks":{"template--16148061683901__c27d82b9-71be-4555-a328-78656de3a093-16849978829c058905-0":{"type":"banner","settings":{"image":"shopify:\/\/shop_images\/img_07.png","image_width":"full","image_ratio":"adapt","image_overlay_opacity":0,"banner_style":"overlay","contentHorizontal":"contentRight","reverse_cpos":"column","columns_desktop":"1","link_type_banner":false,"caption_max_width":false,"text_alignment":"center","v_cpos":"center","background_style":"none","bg_custom_color":"","bg_color_opacity":1,"subtitle":"<strong>MEGA SALE<\/strong>","subtitle_color":"#ffffff","section_subtitle_scale":130,"title":"<strong>Take care of your tire 22% off<\/strong>","caption_size":"h2","title_color":"#ffffff","section_heading_scale":100,"text":"","text_color":"#222222","section_description_scale":100,"code":"<a class=\"link\" style=\"color:white;text-decoration: underline;\" href=\"\/collections\/all\">Go to collection<\/a>","card_padding":"0rem 0rem 0rem 0rem","caption_padding":"0rem 6rem 0rem 17rem","margin_title":2,"margin_subtitle":0,"margin_text":0,"margin_btn":2,"link_label":"","link":"","useButton":false,"btn_bg_color":"#222222","btn_border_color":"#222222","btn_text_color":"#ffffff","btn_bg_color_hover":"#222222","btn_border_color_hover":"#222222","btn_text_color_hover":"#ffffff","zmz_btn_size":"zmz-btn-md","custom_class":"","text_alignment_mobile":"center","mobile_image_ratio":"square","off_overlay_mobile":false,"caption_mobile_padding":"1rem 1rem 1rem 1rem","mob_margin_title":2,"mob_margin_subtitle":2,"mob_margin_text":2,"mob_margin_btn":2}}},"block_order":["template--16148061683901__c27d82b9-71be-4555-a328-78656de3a093-16849978829c058905-0"],"settings":{"box_type":"box","section_width":1200,"section_fluid_width":1880,"title":"","section_heading_scale":100,"subtitle":"","section_subtitle_scale":100,"description":"","section_description_scale":100,"heading_alignment":"center","spacing_grid_horizontal":15,"inverted":false,"button_label":"","button_link":"","color_scheme":"background-1","customColor":false,"bg_color":"","container_color_scheme":"background-1","section_custom_color":false,"bg_section_color":"","bg_color_opacity":1,"desktop_section_padding":"0rem 0rem 0rem 0rem","desktopContainerPadding":"0rem 0rem 0rem 0rem","columns_mobile":"1","swipe_on_mobile":false,"mobile_section_padding":"0rem 0rem 0rem 0rem","mobileContainerPadding":"0rem 0rem 0rem 0rem"}},"2954e371-778f-4449-8e56-d26fb224c44a":{"type":"index-divider","settings":{"section_view":"container","type_value":"px","padding_top":34,"padding_bottom":0,"padding_top_vw":0,"padding_bottom_vw":0,"margin_top":0,"margin_bottom":0,"background_color":"","tablet_padding_top":20,"tablet_padding_bottom":0,"tablet_margin_top":0,"tablet_margin_bottom":0}},"b9f11352-7afa-4b58-880f-ed24feb7da3e":{"type":"zmz-featured-collection","blocks":{"46e3331c-485d-4631-bcc4-a65a66e2a630":{"type":"collection_tab","settings":{"block_collection_title":"","block_title":"","collection":"transmission","card_design":"design-2","card_text_alignment":"center","image_ratio":"square","image_padding":0,"bg_wrap_img_color":"#f5f6fa","bg_border_img_color":"#e6e9f2","show_secondary_image":false,"badge_card_toggle":true,"show_vendor":false,"show_rating":true,"enable_quick_add":false,"enable_quick_view":true,"show_compare":true,"show_wishlist":true,"show_color_link":false,"show_countdown":false}},"9c6b79e7-96e9-49c1-8829-4f62cd9b33af":{"type":"collection_tab","settings":{"block_collection_title":"","block_title":"","collection":"air-filters-intake","card_design":"design-2","card_text_alignment":"center","image_ratio":"square","image_padding":0,"bg_wrap_img_color":"#f5f6fa","bg_border_img_color":"#e6e9f2","show_secondary_image":false,"badge_card_toggle":true,"show_vendor":false,"show_rating":true,"enable_quick_add":false,"enable_quick_view":true,"show_compare":true,"show_wishlist":true,"show_color_link":false,"show_countdown":false}},"fbb186e1-0ae4-4910-aa48-5fd9d53a79dc":{"type":"collection_tab","settings":{"block_collection_title":"","block_title":"","collection":"grille-guards","card_design":"design-2","card_text_alignment":"center","image_ratio":"square","image_padding":0,"bg_wrap_img_color":"#f5f6fa","bg_border_img_color":"#e6e9f2","show_secondary_image":false,"badge_card_toggle":true,"show_vendor":false,"show_rating":true,"enable_quick_add":false,"enable_quick_view":true,"show_compare":true,"show_wishlist":true,"show_color_link":false,"show_countdown":false}}},"block_order":["46e3331c-485d-4631-bcc4-a65a66e2a630","9c6b79e7-96e9-49c1-8829-4f62cd9b33af","fbb186e1-0ae4-4910-aa48-5fd9d53a79dc"],"settings":{"box_type":"box","section_width":1280,"section_fluid_width":1880,"title":"On sale products","section_heading_scale":114,"subtitle":"","section_subtitle_scale":100,"description":"","customInfo":"","section_description_scale":100,"description_style":"body","heading_alignment":"flex-start","inverted":false,"products_to_show":11,"columns_desktop":4,"spacing_grid_horizontal":20,"full_width":true,"show_view_all":false,"view_all_btn_text":"View all","view_all_style":"solid","use_tabs":true,"enable_desktop_slider":true,"carousel_control_type":"navigation","design_type":"type_1","color_scheme":"background-1","customColor":false,"bg_color":"","container_color_scheme":"background-1","section_custom_color":false,"bg_section_color":"","bg_color_opacity":0,"columns_mobile":"1","swipe_on_mobile":true,"desktop_section_padding":"0rem 0rem 0rem 0rem","desktopContainerPadding":"2rem 50px 2rem 50px","mobile_section_padding":"0rem 0rem 0rem 0rem","mobileContainerPadding":"1rem 1rem 1rem 1rem"}},"67ec874a-0b3b-4e19-b81b-3b641cae5a15":{"type":"index-divider","settings":{"section_view":"container","type_value":"px","padding_top":2,"padding_bottom":0,"padding_top_vw":0,"padding_bottom_vw":0,"margin_top":0,"margin_bottom":0,"background_color":"","tablet_padding_top":20,"tablet_padding_bottom":0,"tablet_margin_top":0,"tablet_margin_bottom":0}},"4f82b785-8c03-40b4-a975-2f1b8fbf8ef4":{"type":"zmz-logo-list","blocks":{"template--16148061683901__4f82b785-8c03-40b4-a975-2f1b8fbf8ef4-16850006462e3c8dc0-0":{"type":"column","settings":{"image":"shopify:\/\/shop_images\/img_08_150x150_crop_top_2cc19919-be55-42f6-8c6f-041d444190ac.png","image_ratio":"adapt","bg_border_img_color":"#e1e2e4","border_width":0.1,"link":"shopify:\/\/collections\/air-filters-intake"}},"template--16148061683901__4f82b785-8c03-40b4-a975-2f1b8fbf8ef4-16850006462e3c8dc0-1":{"type":"column","settings":{"image":"shopify:\/\/shop_images\/img_03_150x150_crop_top_5f5907de-7a84-41a1-ac97-e184c597d520.png","image_ratio":"adapt","bg_border_img_color":"#e1e2e4","border_width":0.1,"link":"shopify:\/\/collections\/exhaust-systems"}},"template--16148061683901__4f82b785-8c03-40b4-a975-2f1b8fbf8ef4-16850006462e3c8dc0-2":{"type":"column","settings":{"image":"shopify:\/\/shop_images\/img_20_150x150_crop_top_a2c8d3df-0356-4238-ba13-220ddee60660.png","image_ratio":"adapt","bg_border_img_color":"#e1e2e4","border_width":0.1,"link":"shopify:\/\/collections\/exhaust-systems"}},"82402bb9-56fa-4d27-a375-356eb1a9454b":{"type":"column","settings":{"image":"shopify:\/\/shop_images\/img_07_150x150_crop_top_282d7363-b364-4689-a6a9-88c6afc47e82.png","image_ratio":"adapt","bg_border_img_color":"#e1e2e4","border_width":0.1,"link":"shopify:\/\/collections\/grille-guards"}},"a281bbd4-2527-4bfc-b499-ba66e639ba73":{"type":"column","settings":{"image":"shopify:\/\/shop_images\/img_05_150x150_crop_top_6b3402fb-cdaf-42ce-99be-c11b332f7e6e.png","image_ratio":"adapt","bg_border_img_color":"#e1e2e4","border_width":0.1,"link":"shopify:\/\/collections\/headlights-lighting"}},"ed52e1df-29cf-46d8-9936-d35fba628f01":{"type":"column","settings":{"image":"shopify:\/\/shop_images\/img_06_150x150_crop_top_9e3ee961-8ec6-4511-87e9-99edd63fb52e.png","image_ratio":"adapt","bg_border_img_color":"#e1e2e4","border_width":0.1,"link":"shopify:\/\/collections\/air-filters-intake"}}},"block_order":["template--16148061683901__4f82b785-8c03-40b4-a975-2f1b8fbf8ef4-16850006462e3c8dc0-0","template--16148061683901__4f82b785-8c03-40b4-a975-2f1b8fbf8ef4-16850006462e3c8dc0-1","template--16148061683901__4f82b785-8c03-40b4-a975-2f1b8fbf8ef4-16850006462e3c8dc0-2","82402bb9-56fa-4d27-a375-356eb1a9454b","a281bbd4-2527-4bfc-b499-ba66e639ba73","ed52e1df-29cf-46d8-9936-d35fba628f01"],"settings":{"box_type":"box","section_width":1200,"section_fluid_width":1880,"title":"We carry top brands","section_heading_scale":113,"subtitle":"","section_subtitle_scale":100,"description":"","section_description_scale":100,"heading_alignment":"center","inverted":false,"columns_desktop":6,"spacing_grid_horizontal":30,"enable_desktop_slider":false,"off_carousel_counter":false,"nav_style_type":"type_1","button_label":"","button_link":"","color_scheme":"background-1","customColor":true,"bg_color":"#f5f6fa","container_color_scheme":"background-1","section_custom_color":true,"bg_section_color":"#f5f6fa","bg_color_opacity":1,"columns_mobile":"1","swipe_on_mobile":false,"desktop_section_padding":"10rem 1rem 11rem 1rem","desktopContainerPadding":"0 0 0 0","mobile_section_padding":"1rem 1rem 1rem 1rem","mobileContainerPadding":"2rem 0 2rem 0"}},"5e2114b3-e1ff-4c7a-a177-cb2775239d28":{"type":"zmz-icon-text","blocks":{"template--16148061683901__5e2114b3-e1ff-4c7a-a177-cb2775239d28-1685002046529b448f-0":{"type":"column","settings":{"image_ratio":"adapt","image_width":6,"icon-layout":"vertical","icon_1":"ship","svgColor":"#3b5384","customHtml":"","title":"Shipping Worldwide","title_color":"#232122","section_heading_scale":62,"text":"<p>Special financing and earn rewards<\/p>","text_color":"#9a9b9f","section_description_scale":100,"bg_border_img_color":"rgba(0,0,0,0)","image_padding":0,"info_padding":"2rem 1rem 1rem 0rem","link_label":"","link":"","info_padding_mob":"1rem 1rem 1rem 1rem"}},"template--16148061683901__5e2114b3-e1ff-4c7a-a177-cb2775239d28-1685002046529b448f-1":{"type":"column","settings":{"image_ratio":"adapt","image_width":6,"icon-layout":"vertical","icon_1":"rotate_left","svgColor":"#3b5384","customHtml":"","title":"14 Days Return","title_color":"#232122","section_heading_scale":62,"text":"<p>14-days free return policy<\/p>","text_color":"#9a9b9f","section_description_scale":100,"bg_border_img_color":"rgba(0,0,0,0)","image_padding":0,"info_padding":"2rem 1rem 1rem 0rem","link_label":"","link":"","info_padding_mob":"1rem 1rem 1rem 1rem"}},"template--16148061683901__5e2114b3-e1ff-4c7a-a177-cb2775239d28-1685002046529b448f-2":{"type":"column","settings":{"image_ratio":"adapt","image_width":6,"icon-layout":"vertical","icon_1":"shield-tick","svgColor":"#3b5384","customHtml":"","title":"Security Payment","title_color":"#232122","section_heading_scale":62,"text":"<p>We accept all major credit cards<\/p>","text_color":"#9a9b9f","section_description_scale":100,"bg_border_img_color":"rgba(0,0,0,0)","image_padding":0,"info_padding":"2rem 1rem 1rem 0rem","link_label":"","link":"","info_padding_mob":"1rem 1rem 1rem 1rem"}}},"block_order":["template--16148061683901__5e2114b3-e1ff-4c7a-a177-cb2775239d28-1685002046529b448f-0","template--16148061683901__5e2114b3-e1ff-4c7a-a177-cb2775239d28-1685002046529b448f-1","template--16148061683901__5e2114b3-e1ff-4c7a-a177-cb2775239d28-1685002046529b448f-2"],"settings":{"box_type":"box","section_width":1200,"section_fluid_width":1880,"title":"","section_heading_scale":100,"subtitle":"","section_subtitle_scale":100,"description":"","section_description_scale":100,"heading_alignment":"center","inverted":false,"columns_desktop":3,"spacing_grid_horizontal":15,"column_alignment":"center","image_vertical_alignment":"top","off_carousel_counter":false,"nav_style_type":"type_1","enable_desktop_slider":false,"caption_full_width":false,"background_style":"primary","button_label":"","button_link":"","color_scheme":"background-1","customColor":false,"bg_color":"","container_color_scheme":"background-1","section_custom_color":false,"bg_section_color":"","bg_color_opacity":0.1,"columns_mobile":"1","swipe_on_mobile":false,"desktop_section_padding":"3rem 0rem 2rem 0rem","desktopContainerPadding":"1rem 1rem 1rem1rem","mobile_section_padding":"0rem 0rem 0rem 0rem","mobileContainerPadding":"1rem 1rem 1rem 1rem"}}},"order":["834bc9cd-e4ea-4c36-a314-8e65252e0ed8","03916975-9491-4a4d-8a5d-b3c067665b9a","15bdc44c-c01a-4669-953e-d790f21ca68c","01878eef-93c8-4ace-b00f-eef304bee6ab","263eebf9-f486-4256-a38e-36cb35f24883","f7847458-e120-4957-864b-4461a81408f2","b933accd-5dc2-47a6-be3e-35e3da1e0cf7","ec5c57ca-c07e-4c1a-8a9f-52b534757060","c27d82b9-71be-4555-a328-78656de3a093","2954e371-778f-4449-8e56-d26fb224c44a","b9f11352-7afa-4b58-880f-ed24feb7da3e","67ec874a-0b3b-4e19-b81b-3b641cae5a15","4f82b785-8c03-40b4-a975-2f1b8fbf8ef4","5e2114b3-e1ff-4c7a-a177-cb2775239d28"]}