{"sections":{"main":{"type":"about-vendy-pro","settings":{}},"19c50ca0-d70b-44ce-8257-cbfda2e77bc0":{"type":"zmz-banners","blocks":{"template--14821791137870__19c50ca0-d70b-44ce-8257-cbfda2e77bc0-1686747874d2218727-1":{"type":"banner","settings":{"image":"shopify:\/\/shop_images\/Slice_1.png","image_width":"full","image_ratio":"adapt","image_overlay_opacity":0,"banner_style":"standard","contentHorizontal":"contentLeft","reverse_cpos":"column","columns_desktop":"1","link_type_banner":false,"caption_max_width":false,"text_alignment":"left","v_cpos":"flex-start","background_style":"none","bg_custom_color":"","bg_color_opacity":1,"subtitle":"","subtitle_color":"#222222","section_subtitle_scale":100,"title":"","caption_size":"h1","title_color":"#222222","section_heading_scale":100,"text":"","text_color":"#222222","section_description_scale":100,"code":"","card_padding":"0rem 0rem 0rem 0rem","caption_padding":"0rem 0rem 0rem 0rem","margin_title":2,"margin_subtitle":2,"margin_text":2,"margin_btn":3,"link_label":"","link":"","useButton":false,"btn_bg_color":"#222222","btn_border_color":"#222222","btn_text_color":"#ffffff","btn_bg_color_hover":"#222222","btn_border_color_hover":"#222222","btn_text_color_hover":"#ffffff","zmz_btn_size":"zmz-btn-md","custom_class":"","text_alignment_mobile":"center","mobile_image_ratio":"adapt","off_overlay_mobile":false,"caption_mobile_padding":"1rem 1rem 1rem 1rem","mob_margin_title":2,"mob_margin_subtitle":2,"mob_margin_text":2,"mob_margin_btn":2}}},"block_order":["template--14821791137870__19c50ca0-d70b-44ce-8257-cbfda2e77bc0-1686747874d2218727-1"],"settings":{"box_type":"full_width","section_width":1200,"section_fluid_width":1880,"title":"","section_heading_scale":100,"subtitle":"","section_subtitle_scale":100,"description":"","section_description_scale":100,"heading_alignment":"center","spacing_grid_horizontal":15,"inverted":false,"button_label":"","button_link":"","color_scheme":"background-2","customColor":false,"bg_color":"","container_color_scheme":"background-2","section_custom_color":false,"bg_section_color":"","bg_color_opacity":1,"desktop_section_padding":"0rem 0rem 0rem 0rem","desktopContainerPadding":"1rem 1rem 1rem 1rem","columns_mobile":"1","swipe_on_mobile":false,"mobile_section_padding":"0rem 0rem 0rem 0rem","mobileContainerPadding":"1rem 1rem 1rem 1rem"}},"a0e2d1e5-0b09-480a-a17a-fa41e8718049":{"type":"rich-text","blocks":{"template--14821791137870__a0e2d1e5-0b09-480a-a17a-fa41e8718049-1686761710a739d827-0":{"type":"heading","settings":{"heading":"<p><strong>Online Store 2.0 features<\/strong> will boost your sales <\/p><p>and allow you to scale up your business.<\/p>","heading_size":"h2"}}},"block_order":["template--14821791137870__a0e2d1e5-0b09-480a-a17a-fa41e8718049-1686761710a739d827-0"],"settings":{"desktop_content_position":"center","content_alignment":"center","color_scheme":"background-2","full_width":true,"padding_top":40,"padding_bottom":52}},"5731f12c-7cf3-494a-abf7-b896b04ad8e0":{"type":"zmz-multicolumn","blocks":{"template--14821791137870__5731f12c-7cf3-494a-abf7-b896b04ad8e0-168676031271454390-0":{"type":"column","settings":{"image":"shopify:\/\/shop_images\/Mobile_First_Design.png","customHtml":"","title":"","title_color":"#222222","section_heading_scale":100,"text":"","text_color":"#222222","section_description_scale":100,"bg_border_img_color":"rgba(0,0,0,0)","image_padding":0,"info_padding_top":1,"info_padding_bottom":1,"link_label":"","link":"","useButton":false,"btn_bg_color":"#222222","btn_border_color":"#222222","btn_text_color":"#ffffff","btn_bg_color_hover":"#222222","btn_border_color_hover":"#222222","btn_text_color_hover":"#ffffff","zmz_btn_size":"zmz-btn-md","button_fullwidth":false,"show_social":true,"social_facebook_link":"","social_instagram_link":"","social_youtube_link":"","social_tiktok_link":"","social_twitter_link":"","social_snapchat_link":"","social_style":"color","info_padding_top_mob":1,"info_padding_bottom_mob":1}},"template--14821791137870__5731f12c-7cf3-494a-abf7-b896b04ad8e0-168676031271454390-1":{"type":"column","settings":{"customHtml":"","title":"Wishlist & Popup Compare","title_color":"#222222","section_heading_scale":120,"text":"<p>Let the customers create their own product collections and enables them to compare products that fulfill similar needs and help them to make the right choice.<\/p>","text_color":"#222222","section_description_scale":100,"bg_border_img_color":"rgba(0,0,0,0)","image_padding":0,"info_padding_top":5,"info_padding_bottom":1,"link_label":"","link":"","useButton":false,"btn_bg_color":"#222222","btn_border_color":"#222222","btn_text_color":"#ffffff","btn_bg_color_hover":"#222222","btn_border_color_hover":"#222222","btn_text_color_hover":"#ffffff","zmz_btn_size":"zmz-btn-md","button_fullwidth":false,"show_social":false,"social_facebook_link":"","social_instagram_link":"","social_youtube_link":"","social_tiktok_link":"","social_twitter_link":"","social_snapchat_link":"","social_style":"color","info_padding_top_mob":1,"info_padding_bottom_mob":1}}},"block_order":["template--14821791137870__5731f12c-7cf3-494a-abf7-b896b04ad8e0-168676031271454390-0","template--14821791137870__5731f12c-7cf3-494a-abf7-b896b04ad8e0-168676031271454390-1"],"custom_css":[".itemTextInfo .title {font-weight: bold;}"],"settings":{"box_type":"box","section_width":1200,"section_fluid_width":1880,"title":"","section_heading_scale":100,"subtitle":"","section_subtitle_scale":100,"description":"","section_description_scale":100,"heading_alignment":"center","inverted":false,"image_width":"full","image_ratio":"adapt","columns_desktop":2,"spacing_grid_horizontal":15,"column_alignment":"left","off_carousel_counter":false,"nav_style_type":"type_1","enable_desktop_slider":false,"caption_full_width":false,"background_style":"primary","button_label":"","button_link":"","color_scheme":"background-2","customColor":false,"bg_color":"","container_color_scheme":"background-2","section_custom_color":false,"bg_section_color":"","bg_color_opacity":0.1,"columns_mobile":"1","swipe_on_mobile":false,"desktop_section_padding":"3rem 3rem 3rem 3rem","desktopContainerPadding":"2rem 2rem 2rem 2rem","mobile_section_padding":"0rem 1rem 1rem 1rem","mobileContainerPadding":"1rem 1rem 1rem 1rem"}},"84ed014c-484c-4904-976a-e64d6dc48ca9":{"type":"zmz-multicolumn","blocks":{"template--14821791137870__84ed014c-484c-4904-976a-e64d6dc48ca9-1686824801cfd6d366-1":{"type":"column","settings":{"customHtml":"","title":"Custom tabs on the Product page","title_color":"#222222","section_heading_scale":120,"text":"<p>Structurize your product page content and make it more readable using <br\/>tabs (collapse). Row content, unique icons, custom liquid and <br\/>functionality options with help you to organize the info on your product<br\/> page<\/p>","text_color":"#222222","section_description_scale":100,"bg_border_img_color":"rgba(0,0,0,0)","image_padding":0,"info_padding_top":5,"info_padding_bottom":1,"link_label":"","link":"","useButton":false,"btn_bg_color":"#222222","btn_border_color":"#222222","btn_text_color":"#ffffff","btn_bg_color_hover":"#222222","btn_border_color_hover":"#222222","btn_text_color_hover":"#ffffff","zmz_btn_size":"zmz-btn-md","button_fullwidth":false,"show_social":true,"social_facebook_link":"","social_instagram_link":"","social_youtube_link":"","social_tiktok_link":"","social_twitter_link":"","social_snapchat_link":"","social_style":"color","info_padding_top_mob":1,"info_padding_bottom_mob":1}},"template--14821791137870__84ed014c-484c-4904-976a-e64d6dc48ca9-1686824801cfd6d366-0":{"type":"column","settings":{"image":"shopify:\/\/shop_images\/Group_5215.png","customHtml":"","title":"","title_color":"#222222","section_heading_scale":100,"text":"","text_color":"#222222","section_description_scale":100,"bg_border_img_color":"rgba(0,0,0,0)","image_padding":0,"info_padding_top":1,"info_padding_bottom":1,"link_label":"","link":"","useButton":false,"btn_bg_color":"#222222","btn_border_color":"#222222","btn_text_color":"#ffffff","btn_bg_color_hover":"#222222","btn_border_color_hover":"#222222","btn_text_color_hover":"#ffffff","zmz_btn_size":"zmz-btn-md","button_fullwidth":false,"show_social":true,"social_facebook_link":"","social_instagram_link":"","social_youtube_link":"","social_tiktok_link":"","social_twitter_link":"","social_snapchat_link":"","social_style":"color","info_padding_top_mob":1,"info_padding_bottom_mob":1}}},"block_order":["template--14821791137870__84ed014c-484c-4904-976a-e64d6dc48ca9-1686824801cfd6d366-1","template--14821791137870__84ed014c-484c-4904-976a-e64d6dc48ca9-1686824801cfd6d366-0"],"custom_css":[".itemTextInfo .title {font-weight: bold;}"],"settings":{"box_type":"box","section_width":1200,"section_fluid_width":1880,"title":"","section_heading_scale":100,"subtitle":"","section_subtitle_scale":100,"description":"","section_description_scale":100,"heading_alignment":"center","inverted":false,"image_width":"full","image_ratio":"adapt","columns_desktop":2,"spacing_grid_horizontal":15,"column_alignment":"left","off_carousel_counter":false,"nav_style_type":"type_1","enable_desktop_slider":false,"caption_full_width":false,"background_style":"primary","button_label":"","button_link":"","color_scheme":"background-2","customColor":false,"bg_color":"","container_color_scheme":"background-2","section_custom_color":false,"bg_section_color":"","bg_color_opacity":0.1,"columns_mobile":"1","swipe_on_mobile":false,"desktop_section_padding":"3rem 3rem 3rem 3rem","desktopContainerPadding":"2rem 2rem 2rem 2rem","mobile_section_padding":"1rem 1rem 1rem 1rem","mobileContainerPadding":"1rem 1rem 1rem 1rem"}},"48534654-372b-4427-bc2c-cd4a9ea56825":{"type":"zmz-multicolumn","blocks":{"template--14821791137870__48534654-372b-4427-bc2c-cd4a9ea56825-1686824801cfd6d366-0":{"type":"column","settings":{"image":"shopify:\/\/shop_images\/Drawer_option_with_reviews_output.png","customHtml":"","title":"","title_color":"#222222","section_heading_scale":100,"text":"","text_color":"#222222","section_description_scale":100,"bg_border_img_color":"rgba(0,0,0,0)","image_padding":0,"info_padding_top":1,"info_padding_bottom":1,"link_label":"","link":"","useButton":false,"btn_bg_color":"#222222","btn_border_color":"#222222","btn_text_color":"#ffffff","btn_bg_color_hover":"#222222","btn_border_color_hover":"#222222","btn_text_color_hover":"#ffffff","zmz_btn_size":"zmz-btn-md","button_fullwidth":false,"show_social":true,"social_facebook_link":"","social_instagram_link":"","social_youtube_link":"","social_tiktok_link":"","social_twitter_link":"","social_snapchat_link":"","social_style":"color","info_padding_top_mob":1,"info_padding_bottom_mob":1}},"template--14821791137870__48534654-372b-4427-bc2c-cd4a9ea56825-1686824801cfd6d366-1":{"type":"column","settings":{"customHtml":"","title":"Drawer option with reviews output","title_color":"#222222","section_heading_scale":120,"text":"<p>Display any information on your product page with additional sidebars - <br\/>drawers and expand your product page fullness with unique information, <br\/>content of a specific page, reviews, etc.<\/p>","text_color":"#222222","section_description_scale":100,"bg_border_img_color":"rgba(0,0,0,0)","image_padding":0,"info_padding_top":5,"info_padding_bottom":1,"link_label":"","link":"","useButton":false,"btn_bg_color":"#222222","btn_border_color":"#222222","btn_text_color":"#ffffff","btn_bg_color_hover":"#222222","btn_border_color_hover":"#222222","btn_text_color_hover":"#ffffff","zmz_btn_size":"zmz-btn-md","button_fullwidth":false,"show_social":true,"social_facebook_link":"","social_instagram_link":"","social_youtube_link":"","social_tiktok_link":"","social_twitter_link":"","social_snapchat_link":"","social_style":"color","info_padding_top_mob":1,"info_padding_bottom_mob":1}}},"block_order":["template--14821791137870__48534654-372b-4427-bc2c-cd4a9ea56825-1686824801cfd6d366-0","template--14821791137870__48534654-372b-4427-bc2c-cd4a9ea56825-1686824801cfd6d366-1"],"custom_css":[".itemTextInfo .title {font-weight: bold;}"],"settings":{"box_type":"box","section_width":1200,"section_fluid_width":1880,"title":"","section_heading_scale":100,"subtitle":"","section_subtitle_scale":100,"description":"","section_description_scale":100,"heading_alignment":"center","inverted":false,"image_width":"full","image_ratio":"adapt","columns_desktop":2,"spacing_grid_horizontal":15,"column_alignment":"left","off_carousel_counter":false,"nav_style_type":"type_1","enable_desktop_slider":false,"caption_full_width":false,"background_style":"primary","button_label":"","button_link":"","color_scheme":"background-2","customColor":false,"bg_color":"","container_color_scheme":"background-2","section_custom_color":false,"bg_section_color":"","bg_color_opacity":0.1,"columns_mobile":"1","swipe_on_mobile":false,"desktop_section_padding":"3rem 3rem 3rem 3rem","desktopContainerPadding":"2rem 2rem 2rem 2rem","mobile_section_padding":"1rem 1rem 1rem 1rem","mobileContainerPadding":"1rem 1rem 1rem 1rem"}},"3ae1582f-f3a7-41c1-82f4-0fe1f40f49cd":{"type":"zmz-multicolumn","blocks":{"template--14821791137870__3ae1582f-f3a7-41c1-82f4-0fe1f40f49cd-1686824801cfd6d366-0":{"type":"column","settings":{"customHtml":"","title":"Different product variants views","title_color":"#222222","section_heading_scale":120,"text":"<p>You can choose desired view from available options and customize it according to your specific requirements.<\/p>","text_color":"#222222","section_description_scale":100,"bg_border_img_color":"rgba(0,0,0,0)","image_padding":0,"info_padding_top":5,"info_padding_bottom":1,"link_label":"","link":"","useButton":false,"btn_bg_color":"#222222","btn_border_color":"#222222","btn_text_color":"#ffffff","btn_bg_color_hover":"#222222","btn_border_color_hover":"#222222","btn_text_color_hover":"#ffffff","zmz_btn_size":"zmz-btn-md","button_fullwidth":false,"show_social":true,"social_facebook_link":"","social_instagram_link":"","social_youtube_link":"","social_tiktok_link":"","social_twitter_link":"","social_snapchat_link":"","social_style":"color","info_padding_top_mob":1,"info_padding_bottom_mob":1}},"template--14821791137870__3ae1582f-f3a7-41c1-82f4-0fe1f40f49cd-1686824801cfd6d366-1":{"type":"column","settings":{"image":"shopify:\/\/shop_images\/Group_486.png","customHtml":"","title":"","title_color":"#222222","section_heading_scale":100,"text":"","text_color":"#222222","section_description_scale":100,"bg_border_img_color":"rgba(0,0,0,0)","image_padding":0,"info_padding_top":1,"info_padding_bottom":1,"link_label":"","link":"","useButton":false,"btn_bg_color":"#222222","btn_border_color":"#222222","btn_text_color":"#ffffff","btn_bg_color_hover":"#222222","btn_border_color_hover":"#222222","btn_text_color_hover":"#ffffff","zmz_btn_size":"zmz-btn-md","button_fullwidth":false,"show_social":true,"social_facebook_link":"","social_instagram_link":"","social_youtube_link":"","social_tiktok_link":"","social_twitter_link":"","social_snapchat_link":"","social_style":"color","info_padding_top_mob":1,"info_padding_bottom_mob":1}}},"block_order":["template--14821791137870__3ae1582f-f3a7-41c1-82f4-0fe1f40f49cd-1686824801cfd6d366-0","template--14821791137870__3ae1582f-f3a7-41c1-82f4-0fe1f40f49cd-1686824801cfd6d366-1"],"custom_css":[".itemTextInfo .title {font-weight: bold;}"],"settings":{"box_type":"box","section_width":1200,"section_fluid_width":1880,"title":"","section_heading_scale":100,"subtitle":"","section_subtitle_scale":100,"description":"","section_description_scale":100,"heading_alignment":"center","inverted":false,"image_width":"full","image_ratio":"adapt","columns_desktop":2,"spacing_grid_horizontal":15,"column_alignment":"left","off_carousel_counter":false,"nav_style_type":"type_1","enable_desktop_slider":false,"caption_full_width":false,"background_style":"primary","button_label":"","button_link":"","color_scheme":"background-2","customColor":false,"bg_color":"","container_color_scheme":"background-2","section_custom_color":false,"bg_section_color":"","bg_color_opacity":0.1,"columns_mobile":"1","swipe_on_mobile":false,"desktop_section_padding":"3rem 3rem 3rem 3rem","desktopContainerPadding":"2rem 2rem 2rem 2rem","mobile_section_padding":"1rem 1rem 1rem 1rem","mobileContainerPadding":"1rem 1rem 1rem 1rem"}},"92a398e3-b25b-4dd7-a8a5-5ccffcfa3905":{"type":"zmz-banners","blocks":{"template--14821791137870__92a398e3-b25b-4dd7-a8a5-5ccffcfa3905-168682453610c1423a-0":{"type":"banner","settings":{"image":"shopify:\/\/shop_images\/Advanced_Product_Filter.png","image_width":"full","image_ratio":"adapt","image_overlay_opacity":0,"banner_style":"overlay","contentHorizontal":"contentLeft","reverse_cpos":"column","columns_desktop":"1","link_type_banner":false,"caption_max_width":false,"text_alignment":"left","v_cpos":"center","background_style":"none","bg_custom_color":"","bg_color_opacity":1,"subtitle":"","subtitle_color":"#222222","section_subtitle_scale":100,"title":"Advanced Product Filter","caption_size":"h1","title_color":"#222222","section_heading_scale":100,"text":"<p>Use instant filters for products by colors & images<\/p><p> swatches without any additional apps.<\/p>","text_color":"#222222","section_description_scale":100,"code":"","card_padding":"0rem 0rem 0rem 0rem","caption_padding":"0rem 0rem 0rem 0rem","margin_title":2,"margin_subtitle":2,"margin_text":2,"margin_btn":3,"link_label":"","link":"","useButton":false,"btn_bg_color":"#222222","btn_border_color":"#222222","btn_text_color":"#ffffff","btn_bg_color_hover":"#222222","btn_border_color_hover":"#222222","btn_text_color_hover":"#ffffff","zmz_btn_size":"zmz-btn-md","custom_class":"","text_alignment_mobile":"flex-start","mobile_image_ratio":"adapt","off_overlay_mobile":true,"caption_mobile_padding":"1rem 1rem 1rem 1rem","mob_margin_title":2,"mob_margin_subtitle":2,"mob_margin_text":2,"mob_margin_btn":2}}},"block_order":["template--14821791137870__92a398e3-b25b-4dd7-a8a5-5ccffcfa3905-168682453610c1423a-0"],"settings":{"box_type":"box","section_width":1200,"section_fluid_width":1880,"title":"","section_heading_scale":100,"subtitle":"","section_subtitle_scale":100,"description":"","section_description_scale":100,"heading_alignment":"center","spacing_grid_horizontal":15,"inverted":false,"button_label":"","button_link":"","color_scheme":"background-2","customColor":false,"bg_color":"","container_color_scheme":"background-2","section_custom_color":false,"bg_section_color":"","bg_color_opacity":1,"desktop_section_padding":"0rem 0rem 0rem 0rem","desktopContainerPadding":"1rem 1rem 1rem 1rem","columns_mobile":"1","swipe_on_mobile":false,"mobile_section_padding":"0rem 0rem 0rem 0rem","mobileContainerPadding":"1rem 1rem 1rem 1rem"}},"cef047e0-2565-449c-a930-75ee3813f973":{"type":"index-divider","settings":{"section_view":"container","type_value":"px","padding_top":30,"padding_bottom":30,"padding_top_vw":1.5,"padding_bottom_vw":1.5,"margin_top":0,"margin_bottom":0,"background_color":"#f5f5f5","tablet_padding_top":20,"tablet_padding_bottom":20,"tablet_margin_top":0,"tablet_margin_bottom":0}},"cbbd13c1-9fb0-4ea8-8772-c297f0c844e8":{"type":"zmz-banners","blocks":{"template--14821791137870__cbbd13c1-9fb0-4ea8-8772-c297f0c844e8-168682453610c1423a-0":{"type":"banner","settings":{"image":"shopify:\/\/shop_images\/Group_5216_1.png","image_width":"full","image_ratio":"adapt","image_overlay_opacity":0,"banner_style":"overlay","contentHorizontal":"contentLeft","reverse_cpos":"column","columns_desktop":"1","link_type_banner":false,"caption_max_width":false,"text_alignment":"left","v_cpos":"flex-start","background_style":"none","bg_custom_color":"","bg_color_opacity":1,"subtitle":"","subtitle_color":"#222222","section_subtitle_scale":100,"title":"","caption_size":"h1","title_color":"#222222","section_heading_scale":100,"text":"","text_color":"#222222","section_description_scale":100,"code":"","card_padding":"0rem 0rem 0rem 0rem","caption_padding":"0rem 0rem 0rem 0rem","margin_title":2,"margin_subtitle":2,"margin_text":2,"margin_btn":3,"link_label":"","link":"","useButton":false,"btn_bg_color":"#222222","btn_border_color":"#222222","btn_text_color":"#ffffff","btn_bg_color_hover":"#222222","btn_border_color_hover":"#222222","btn_text_color_hover":"#ffffff","zmz_btn_size":"zmz-btn-md","custom_class":"","text_alignment_mobile":"center","mobile_image_ratio":"adapt","off_overlay_mobile":false,"caption_mobile_padding":"1rem 1rem 1rem 1rem","mob_margin_title":2,"mob_margin_subtitle":2,"mob_margin_text":2,"mob_margin_btn":2}}},"block_order":["template--14821791137870__cbbd13c1-9fb0-4ea8-8772-c297f0c844e8-168682453610c1423a-0"],"settings":{"box_type":"full_width","section_width":1200,"section_fluid_width":1880,"title":"","section_heading_scale":100,"subtitle":"","section_subtitle_scale":100,"description":"","section_description_scale":100,"heading_alignment":"center","spacing_grid_horizontal":15,"inverted":false,"button_label":"","button_link":"","color_scheme":"background-2","customColor":false,"bg_color":"","container_color_scheme":"background-2","section_custom_color":false,"bg_section_color":"","bg_color_opacity":1,"desktop_section_padding":"0rem 0rem 0rem 0rem","desktopContainerPadding":"1rem 1rem 1rem 1rem","columns_mobile":"1","swipe_on_mobile":false,"mobile_section_padding":"0rem 0rem 0rem 0rem","mobileContainerPadding":"1rem 1rem 1rem 1rem"}},"0af51b2b-5ac9-458c-833a-cb83eb4f289b":{"type":"index-divider","settings":{"section_view":"container","type_value":"px","padding_top":40,"padding_bottom":40,"padding_top_vw":1.5,"padding_bottom_vw":1.5,"margin_top":0,"margin_bottom":0,"background_color":"#f5f5f5","tablet_padding_top":20,"tablet_padding_bottom":20,"tablet_margin_top":0,"tablet_margin_bottom":0}},"da69b896-15ae-44de-80de-b390c76d69b9":{"type":"zmz-banners","blocks":{"template--14821791137870__da69b896-15ae-44de-80de-b390c76d69b9-168682453610c1423a-2":{"type":"banner","settings":{"image":"shopify:\/\/shop_images\/Group_5199_2.png","image_width":"full","image_ratio":"adapt","image_overlay_opacity":0,"banner_style":"overlay","contentHorizontal":"contentLeft","reverse_cpos":"column","columns_desktop":"1","link_type_banner":false,"caption_max_width":false,"text_alignment":"left","v_cpos":"flex-start","background_style":"none","bg_custom_color":"","bg_color_opacity":1,"subtitle":"","subtitle_color":"#222222","section_subtitle_scale":100,"title":"","caption_size":"h1","title_color":"#222222","section_heading_scale":100,"text":"","text_color":"#222222","section_description_scale":100,"code":"","card_padding":"0rem 0rem 0rem 0rem","caption_padding":"0rem 0rem 0rem 0rem","margin_title":2,"margin_subtitle":2,"margin_text":2,"margin_btn":3,"link_label":"","link":"","useButton":false,"btn_bg_color":"#222222","btn_border_color":"#222222","btn_text_color":"#ffffff","btn_bg_color_hover":"#222222","btn_border_color_hover":"#222222","btn_text_color_hover":"#ffffff","zmz_btn_size":"zmz-btn-md","custom_class":"","text_alignment_mobile":"center","mobile_image_ratio":"adapt","off_overlay_mobile":false,"caption_mobile_padding":"1rem 1rem 1rem 1rem","mob_margin_title":2,"mob_margin_subtitle":2,"mob_margin_text":2,"mob_margin_btn":2}}},"block_order":["template--14821791137870__da69b896-15ae-44de-80de-b390c76d69b9-168682453610c1423a-2"],"settings":{"box_type":"box","section_width":1200,"section_fluid_width":1880,"title":"","section_heading_scale":100,"subtitle":"","section_subtitle_scale":100,"description":"","section_description_scale":100,"heading_alignment":"center","spacing_grid_horizontal":15,"inverted":false,"button_label":"","button_link":"","color_scheme":"background-2","customColor":false,"bg_color":"","container_color_scheme":"background-2","section_custom_color":false,"bg_section_color":"","bg_color_opacity":1,"desktop_section_padding":"0rem 0rem 0rem 0rem","desktopContainerPadding":"1rem 1rem 1rem 1rem","columns_mobile":"1","swipe_on_mobile":false,"mobile_section_padding":"0rem 0rem 0rem 0rem","mobileContainerPadding":"1rem 1rem 1rem 1rem"}},"16546487-a79d-457a-81a9-64db4c6e131e":{"type":"index-divider","settings":{"section_view":"container","type_value":"px","padding_top":40,"padding_bottom":40,"padding_top_vw":1.5,"padding_bottom_vw":1.5,"margin_top":0,"margin_bottom":0,"background_color":"#f5f5f5","tablet_padding_top":20,"tablet_padding_bottom":20,"tablet_margin_top":0,"tablet_margin_bottom":0}},"391a12aa-c558-4c21-9847-1915592ac92d":{"type":"rich-text","blocks":{"template--14821791137870__391a12aa-c558-4c21-9847-1915592ac92d-1686826598b54ef420-0":{"type":"heading","settings":{"heading":"<p><strong>EComposer<\/strong> - Advanced Page Builder<\/p>","heading_size":"h1"}},"template--14821791137870__391a12aa-c558-4c21-9847-1915592ac92d-1686826598b54ef420-1":{"type":"text","settings":{"text":"<p>EComposer app gives you the ability to customize Vendy Pro designs much more flexibly. Buy Vendy Pro today and install EComposer to get Partner Plan FREE for 6 months. Bring your online business to new heights with EComposer - an advanced landing page builder.<\/p>"}},"template--14821791137870__391a12aa-c558-4c21-9847-1915592ac92d-1686826598b54ef420-2":{"type":"button","settings":{"button_label":"Explore EComposer","button_link":"","button_style_secondary":false,"button_label_2":"","button_link_2":"","button_style_secondary_2":false}}},"block_order":["template--14821791137870__391a12aa-c558-4c21-9847-1915592ac92d-1686826598b54ef420-0","template--14821791137870__391a12aa-c558-4c21-9847-1915592ac92d-1686826598b54ef420-1","template--14821791137870__391a12aa-c558-4c21-9847-1915592ac92d-1686826598b54ef420-2"],"settings":{"desktop_content_position":"center","content_alignment":"center","color_scheme":"background-2","full_width":true,"padding_top":40,"padding_bottom":52}},"f7a5444a-3a21-4fa5-a9ce-c5c8c1ca17e3":{"type":"zmz-banners","blocks":{"template--14821791137870__f7a5444a-3a21-4fa5-a9ce-c5c8c1ca17e3-168682453610c1423a-2":{"type":"banner","settings":{"image":"shopify:\/\/shop_images\/Fastest_Shopify_Theme.png","image_width":"full","image_ratio":"adapt","image_overlay_opacity":0,"banner_style":"overlay","contentHorizontal":"contentLeft","reverse_cpos":"column","columns_desktop":"1","link_type_banner":false,"caption_max_width":false,"text_alignment":"left","v_cpos":"flex-start","background_style":"none","bg_custom_color":"","bg_color_opacity":1,"subtitle":"","subtitle_color":"#222222","section_subtitle_scale":100,"title":"","caption_size":"h1","title_color":"#222222","section_heading_scale":100,"text":"","text_color":"#222222","section_description_scale":100,"code":"","card_padding":"0rem 0rem 0rem 0rem","caption_padding":"0rem 0rem 0rem 0rem","margin_title":2,"margin_subtitle":2,"margin_text":2,"margin_btn":3,"link_label":"","link":"","useButton":false,"btn_bg_color":"#222222","btn_border_color":"#222222","btn_text_color":"#ffffff","btn_bg_color_hover":"#222222","btn_border_color_hover":"#222222","btn_text_color_hover":"#ffffff","zmz_btn_size":"zmz-btn-md","custom_class":"","text_alignment_mobile":"center","mobile_image_ratio":"adapt","off_overlay_mobile":false,"caption_mobile_padding":"1rem 1rem 1rem 1rem","mob_margin_title":2,"mob_margin_subtitle":2,"mob_margin_text":2,"mob_margin_btn":2}}},"block_order":["template--14821791137870__f7a5444a-3a21-4fa5-a9ce-c5c8c1ca17e3-168682453610c1423a-2"],"settings":{"box_type":"box","section_width":1200,"section_fluid_width":1880,"title":"","section_heading_scale":100,"subtitle":"","section_subtitle_scale":100,"description":"","section_description_scale":100,"heading_alignment":"center","spacing_grid_horizontal":15,"inverted":false,"button_label":"","button_link":"","color_scheme":"background-2","customColor":false,"bg_color":"","container_color_scheme":"background-2","section_custom_color":false,"bg_section_color":"","bg_color_opacity":1,"desktop_section_padding":"0rem 0rem 0rem 0rem","desktopContainerPadding":"1rem 1rem 1rem 1rem","columns_mobile":"1","swipe_on_mobile":false,"mobile_section_padding":"0rem 0rem 0rem 0rem","mobileContainerPadding":"1rem 1rem 1rem 1rem"}},"c8246573-f8db-4f8c-936c-17216f757f37":{"type":"rich-text","blocks":{"template--14821791137870__c8246573-f8db-4f8c-936c-17216f757f37-1686826598b54ef420-0":{"type":"heading","settings":{"heading":"<p><strong>And Much More...<\/strong><\/p>","heading_size":"h1"}},"template--14821791137870__c8246573-f8db-4f8c-936c-17216f757f37-1686826598b54ef420-1":{"type":"text","settings":{"text":"<p>Discover the numerous features and benefits that Vendy Pro offers.<\/p>"}}},"block_order":["template--14821791137870__c8246573-f8db-4f8c-936c-17216f757f37-1686826598b54ef420-0","template--14821791137870__c8246573-f8db-4f8c-936c-17216f757f37-1686826598b54ef420-1"],"settings":{"desktop_content_position":"center","content_alignment":"center","color_scheme":"background-2","full_width":true,"padding_top":40,"padding_bottom":52}},"5aa4a692-742d-4d41-ad47-366f77263023":{"type":"zmz-banners","blocks":{"template--14821791137870__5aa4a692-742d-4d41-ad47-366f77263023-168682453610c1423a-0":{"type":"banner","settings":{"image":"shopify:\/\/shop_images\/Group_5176.png","image_width":"full","image_ratio":"adapt","image_overlay_opacity":0,"banner_style":"overlay","contentHorizontal":"contentLeft","reverse_cpos":"column","columns_desktop":"1","link_type_banner":false,"caption_max_width":false,"text_alignment":"left","v_cpos":"flex-start","background_style":"none","bg_custom_color":"","bg_color_opacity":1,"subtitle":"","subtitle_color":"#222222","section_subtitle_scale":100,"title":"","caption_size":"h1","title_color":"#222222","section_heading_scale":100,"text":"","text_color":"#222222","section_description_scale":100,"code":"","card_padding":"0rem 0rem 0rem 0rem","caption_padding":"0rem 0rem 0rem 0rem","margin_title":2,"margin_subtitle":2,"margin_text":2,"margin_btn":3,"link_label":"","link":"","useButton":false,"btn_bg_color":"#222222","btn_border_color":"#222222","btn_text_color":"#ffffff","btn_bg_color_hover":"#222222","btn_border_color_hover":"#222222","btn_text_color_hover":"#ffffff","zmz_btn_size":"zmz-btn-md","custom_class":"","text_alignment_mobile":"center","mobile_image_ratio":"adapt","off_overlay_mobile":false,"caption_mobile_padding":"1rem 1rem 1rem 1rem","mob_margin_title":2,"mob_margin_subtitle":2,"mob_margin_text":2,"mob_margin_btn":2}}},"block_order":["template--14821791137870__5aa4a692-742d-4d41-ad47-366f77263023-168682453610c1423a-0"],"settings":{"box_type":"box","section_width":1200,"section_fluid_width":1880,"title":"","section_heading_scale":100,"subtitle":"","section_subtitle_scale":100,"description":"","section_description_scale":100,"heading_alignment":"center","spacing_grid_horizontal":15,"inverted":false,"button_label":"","button_link":"","color_scheme":"background-2","customColor":false,"bg_color":"","container_color_scheme":"background-2","section_custom_color":false,"bg_section_color":"","bg_color_opacity":1,"desktop_section_padding":"0rem 0rem 0rem 0rem","desktopContainerPadding":"1rem 1rem 1rem 1rem","columns_mobile":"1","swipe_on_mobile":false,"mobile_section_padding":"0rem 0rem 0rem 0rem","mobileContainerPadding":"1rem 1rem 1rem 1rem"}},"66b7e311-8884-414f-b23a-c723f94eed3b":{"type":"index-divider","settings":{"section_view":"full-width","type_value":"px","padding_top":80,"padding_bottom":80,"padding_top_vw":1.5,"padding_bottom_vw":1.5,"margin_top":0,"margin_bottom":0,"background_color":"#f5f5f5","tablet_padding_top":20,"tablet_padding_bottom":20,"tablet_margin_top":0,"tablet_margin_bottom":0}}},"order":["main","19c50ca0-d70b-44ce-8257-cbfda2e77bc0","a0e2d1e5-0b09-480a-a17a-fa41e8718049","5731f12c-7cf3-494a-abf7-b896b04ad8e0","84ed014c-484c-4904-976a-e64d6dc48ca9","48534654-372b-4427-bc2c-cd4a9ea56825","3ae1582f-f3a7-41c1-82f4-0fe1f40f49cd","92a398e3-b25b-4dd7-a8a5-5ccffcfa3905","cef047e0-2565-449c-a930-75ee3813f973","cbbd13c1-9fb0-4ea8-8772-c297f0c844e8","0af51b2b-5ac9-458c-833a-cb83eb4f289b","da69b896-15ae-44de-80de-b390c76d69b9","16546487-a79d-457a-81a9-64db4c6e131e","391a12aa-c558-4c21-9847-1915592ac92d","f7a5444a-3a21-4fa5-a9ce-c5c8c1ca17e3","c8246573-f8db-4f8c-936c-17216f757f37","5aa4a692-742d-4d41-ad47-366f77263023","66b7e311-8884-414f-b23a-c723f94eed3b"]}