{"sections":{"main":{"type":"main-product","blocks":{"title":{"type":"title","settings":{}},"price":{"type":"price","settings":{}},"d314344f-58a5-4c38-9d6f-31af4cbed0e3":{"type":"timer","settings":{}},"5581422c-cd42-4bd2-b1ee-4ebe51b0cb41":{"type":"inventory","settings":{"text_style":"body","inventory_threshold":10,"show_inventory_quantity":true}},"variant_picker":{"type":"variant_picker","settings":{"variant_label":true,"variant_pills_border_thickness":1,"variant_pills_border_opacity":35,"variant_pills_radius":40,"picker_type":"image_button","image_button_ratio":"square","color_picker_type":"color_label","inventory_threshold":10,"link_notify":true,"link_similar":true}},"35cc6300-f8f4-4fc8-933d-0dcb0a0d21bd":{"type":"popup","settings":{"text":"Size chart","page":"","content":"","custom_liquid":"<img lazy=\"loading\" src=\"https:\/\/cdn.shopify.com\/s\/files\/1\/0565\/2109\/7391\/files\/size_guide.jpg?v=1675350078\" alt=\"size chart\"\/>","icon":"ruler"}},"quantity_selector":{"type":"quantity_selector","settings":{"wishlist_btn":true,"compare_btn":true}},"buy_buttons":{"type":"buy_buttons","settings":{"show_dynamic_checkout":false}},"ec496ca3-a1c2-43f4-99a7-532ba480809b":{"type":"notify_button","settings":{}},"daa39356-2e15-409b-b6a8-496435a3bf02":{"type":"text","settings":{"text":"Padded, quilted jacket in woven fabric. Drawstring hood, zipper at front, and welt front pockets. Covered elastic at cuffs and concealed drawstring at hem.","text_style":"body"}},"b7a5d6ff-5409-45b1-bd19-92b967b322d6":{"type":"complementary","settings":{"block_heading":"STYLE WIDTH","make_collapsible_row":true,"icon":"none","product_list_limit":3,"products_per_page":1,"pagination_style":"dots","image_ratio":"portrait","enable_quick_add":false}},"ca84ae0c-e874-4a01-b783-c506d099a62c":{"type":"icon-with-text","settings":{"layout":"vertical","icon_1":"truck","heading_1":"Free delivery","icon_2":"rotate_left","heading_2":"Free returns","icon_3":"tick_square","heading_3":"More delivery info"}},"share":{"type":"share","settings":{"share_label":"Share"}},"21395e72-380e-479f-a696-b99e3de1dcf6":{"type":"collapsible_tab","settings":{"heading":"DESCRIPTION","icon":"none","content":"","page":"","custom_liquid":"{%- if product.description != blank -%}\n                  <div class=\"h6\"> {{ block.settings.title }}<\/div>\n                  <div class=\"product__description rte quick-add-hidden\">\n                    {{ product.description }} \n                  <\/div>\n                {%- endif -%}","open_first_collapsible_row":false}},"collapsible-row-0":{"type":"collapsible_tab","settings":{"heading":"PRODUCT DETAILS","icon":"none","content":"","page":"","custom_liquid":"<ul>\n<li>Relaxed-fit <\/li>\n<li>Jacquard-knit fabric with wool content<\/li>\n<li>Round neckline<\/li>\n<li>Dropped shoulders<\/li>\n<\/ul>","open_first_collapsible_row":false}},"9581d74c-a491-4e67-868c-f4235b8f5416":{"type":"collapsible_tab","settings":{"heading":"LOOK AT ME AFTER","icon":"none","content":"<p>Only non-chlorine bleach when needed<\/p><p>No dry clean<\/p><p>Machine wash cold<\/p><p>Dry flatUse mild detergent<\/p><p>Low iron<\/p>","page":"","custom_liquid":"","open_first_collapsible_row":false}},"d6b1d212-599b-4088-8a14-95078ced1848":{"type":"additional_info","settings":{"block_heading":"ADDITIONAL INFO","make_collapsible_row":true,"show_sku":true,"show_vendor":true,"show_product_types":true,"show_weight":true,"show_tags":true,"show_collections":true}}},"block_order":["title","price","d314344f-58a5-4c38-9d6f-31af4cbed0e3","5581422c-cd42-4bd2-b1ee-4ebe51b0cb41","variant_picker","35cc6300-f8f4-4fc8-933d-0dcb0a0d21bd","quantity_selector","buy_buttons","ec496ca3-a1c2-43f4-99a7-532ba480809b","daa39356-2e15-409b-b6a8-496435a3bf02","b7a5d6ff-5409-45b1-bd19-92b967b322d6","ca84ae0c-e874-4a01-b783-c506d099a62c","share","21395e72-380e-479f-a696-b99e3de1dcf6","collapsible-row-0","9581d74c-a491-4e67-868c-f4235b8f5416","d6b1d212-599b-4088-8a14-95078ced1848"],"settings":{"page_width":1200,"use_section_width":true,"enable_sticky_info":true,"media_position":"left","gallery_layout":"stacked_column","media_size":"small","constrain_to_viewport":false,"media_fit":"cover","image_zoom":"hover","filter_media":true,"hide_thumbnails_desktop":false,"mobile_thumbnails":"hide","hide_variants":false,"enable_video_looping":false,"padding_top":36,"padding_bottom":12,"padding_left":15,"padding_right":15,"section_spacing_grid_horizontal":28,"section_spacing_grid_vertical":28}},"168465470344be7da0":{"type":"apps","settings":{"include_margins":true}},"product-recommendations":{"type":"product-recommendations","settings":{"page_width":1200,"use_section_width":true,"heading":"You may also like","heading_size":"h2","products_to_show":4,"columns_desktop":4,"color_scheme":"background-1","image_ratio":"portrait","show_secondary_image":false,"show_vendor":false,"show_rating":false,"columns_mobile":"2","padding_top":36,"padding_bottom":28}}},"order":["main","168465470344be7da0","product-recommendations"]}